{
   "routes" : [
      {
         "bounds" : {
            "northeast" : {
               "lat" : 51.5246205,
               "lng" : 0.5960565999999999
            },
            "southwest" : {
               "lat" : 51.51152829999999,
               "lng" : 0.5883587
            }
         },
         "copyrights" : "Map data ©2015 Google",
         "legs" : [
            {
               "distance" : {
                  "text" : "2.6 km",
                  "value" : 2597
               },
               "duration" : {
                  "text" : "6 mins",
                  "value" : 332
               },
               "end_address" : "Castle View School, Foksville Road, Canvey Island, Canvey Island, Essex SS8 7FH, UK",
               "end_location" : {
                  "lat" : 51.521285,
                  "lng" : 0.5932725999999999
               },
               "start_address" : "4 The Cherries, Canvey Island, Essex SS8 0BB, UK",
               "start_location" : {
                  "lat" : 51.5126944,
                  "lng" : 0.588935
               },
               "steps" : [
                  {
                     "distance" : {
                        "text" : "21 m",
                        "value" : 21
                     },
                     "duration" : {
                        "text" : "1 min",
                        "value" : 2
                     },
                     "end_location" : {
                        "lat" : 51.5125138,
                        "lng" : 0.5890289
                     },
                     "html_instructions" : "Head \u003cb\u003esouth\u003c/b\u003e on \u003cb\u003eThe Cherries\u003c/b\u003e",
                     "polyline" : {
                        "points" : "ialyH{_rBJEVK"
                     },
                     "start_location" : {
                        "lat" : 51.5126944,
                        "lng" : 0.588935
                     },
                     "travel_mode" : "DRIVING"
                  },
                  {
                     "distance" : {
                        "text" : "48 m",
                        "value" : 48
                     },
                     "duration" : {
                        "text" : "1 min",
                        "value" : 16
                     },
                     "end_location" : {
                        "lat" : 51.5124163,
                        "lng" : 0.5883587
                     },
                     "html_instructions" : "Take the 1st \u003cb\u003eright\u003c/b\u003e to stay on \u003cb\u003eThe Cherries\u003c/b\u003e",
                     "polyline" : {
                        "points" : "e`lyHm`rBFz@HhA"
                     },
                     "start_location" : {
                        "lat" : 51.5125138,
                        "lng" : 0.5890289
                     },
                     "travel_mode" : "DRIVING"
                  },
                  {
                     "distance" : {
                        "text" : "0.6 km",
                        "value" : 636
                     },
                     "duration" : {
                        "text" : "1 min",
                        "value" : 86
                     },
                     "end_location" : {
                        "lat" : 51.5138455,
                        "lng" : 0.5937914
                     },
                     "html_instructions" : "Turn \u003cb\u003eleft\u003c/b\u003e onto \u003cb\u003eWestern Esplanade\u003c/b\u003e",
                     "maneuver" : "turn-left",
                     "polyline" : {
                        "points" : "s_lyHg|qBnA_@NINMHKHOJQFQJa@Fa@BS?S@O?M?_@Ce@W_DAMm@mIG_@EKAAACEAEA{@Hw@Fg@DeAH{@FIIGEEGACAGCEAK?OAUCkAAQ]s@"
                     },
                     "start_location" : {
                        "lat" : 51.5124163,
                        "lng" : 0.5883587
                     },
                     "travel_mode" : "DRIVING"
                  },
                  {
                     "distance" : {
                        "text" : "0.7 km",
                        "value" : 734
                     },
                     "duration" : {
                        "text" : "1 min",
                        "value" : 85
                     },
                     "end_location" : {
                        "lat" : 51.5203789,
                        "lng" : 0.5927336999999999
                     },
                     "html_instructions" : "At the roundabout, take the \u003cb\u003e1st\u003c/b\u003e exit onto \u003cb\u003eFurtherwick Rd\u003c/b\u003e",
                     "maneuver" : "roundabout-left",
                     "polyline" : {
                        "points" : "qhlyHe~rBCACAACACOAUCC?uBTY@A?kBHSDmBXG?]DoAPkDZE?_CTy@NcAHo@FqALWBc@BgBNE?QP"
                     },
                     "start_location" : {
                        "lat" : 51.5138455,
                        "lng" : 0.5937914
                     },
                     "travel_mode" : "DRIVING"
                  },
                  {
                     "distance" : {
                        "text" : "0.3 km",
                        "value" : 298
                     },
                     "duration" : {
                        "text" : "1 min",
                        "value" : 41
                     },
                     "end_location" : {
                        "lat" : 51.52293210000001,
                        "lng" : 0.5923999
                     },
                     "html_instructions" : "At the roundabout, take the \u003cb\u003e2nd\u003c/b\u003e exit and stay on \u003cb\u003eFurtherwick Rd\u003c/b\u003e",
                     "maneuver" : "roundabout-left",
                     "polyline" : {
                        "points" : "kqmyHqwrB@DAHCDE@C?EACGAE@E_CPYBkANQBcCPcALWAMG"
                     },
                     "start_location" : {
                        "lat" : 51.5203789,
                        "lng" : 0.5927336999999999
                     },
                     "travel_mode" : "DRIVING"
                  },
                  {
                     "distance" : {
                        "text" : "0.2 km",
                        "value" : 177
                     },
                     "duration" : {
                        "text" : "1 min",
                        "value" : 18
                     },
                     "end_location" : {
                        "lat" : 51.5244736,
                        "lng" : 0.5930501
                     },
                     "html_instructions" : "Continue onto \u003cb\u003eKnightswick Rd/B1014\u003c/b\u003e",
                     "polyline" : {
                        "points" : "ianyHourBGCOKMEmAc@i@QkBg@UGMCEA"
                     },
                     "start_location" : {
                        "lat" : 51.52293210000001,
                        "lng" : 0.5923999
                     },
                     "travel_mode" : "DRIVING"
                  },
                  {
                     "distance" : {
                        "text" : "0.4 km",
                        "value" : 406
                     },
                     "duration" : {
                        "text" : "1 min",
                        "value" : 43
                     },
                     "end_location" : {
                        "lat" : 51.5228571,
                        "lng" : 0.595923
                     },
                     "html_instructions" : "Slight \u003cb\u003eright\u003c/b\u003e onto \u003cb\u003eElder Tree Rd/B1014\u003c/b\u003e\u003cdiv style=\"font-size:0.9em\"\u003eContinue to follow B1014\u003c/div\u003e",
                     "maneuver" : "turn-slight-right",
                     "polyline" : {
                        "points" : "}jnyHqyrBMIGECKAEAM?I?O?E@E@IDOBGBGDGHKFEFCBA@?D?@?D@B?B@D@PJtB|@p@THBB@B?@?DABA@CJMBSBQ?SDo@HoC?WFkBDuB"
                     },
                     "start_location" : {
                        "lat" : 51.5244736,
                        "lng" : 0.5930501
                     },
                     "travel_mode" : "DRIVING"
                  },
                  {
                     "distance" : {
                        "text" : "0.3 km",
                        "value" : 277
                     },
                     "duration" : {
                        "text" : "1 min",
                        "value" : 41
                     },
                     "end_location" : {
                        "lat" : 51.521285,
                        "lng" : 0.5932725999999999
                     },
                     "html_instructions" : "Turn \u003cb\u003eright\u003c/b\u003e onto \u003cb\u003eFoksville Rd/B1014\u003c/b\u003e\u003cdiv style=\"font-size:0.9em\"\u003eDestination will be on the left\u003c/div\u003e",
                     "maneuver" : "turn-right",
                     "polyline" : {
                        "points" : "{`nyHoksBDIBCDCHIPDFDJLDNJ^P^@BDDf@j@LRPZRh@Jb@Jd@HbA@LBJFRFNLTRXHNDJBJBL@@"
                     },
                     "start_location" : {
                        "lat" : 51.5228571,
                        "lng" : 0.595923
                     },
                     "travel_mode" : "DRIVING"
                  }
               ],
               "via_waypoint" : []
            }
         ],
         "overview_polyline" : {
            "points" : "ialyH{_rBb@QPdCnA_@NIXYTa@Rs@Ju@@c@?m@[eEo@{IMk@OIaF`@{@FIIMMI]GcCa@u@EEACOAYCoCVmBHgDd@{Fl@eCTy@NcAHaCTiDVQP@DENI@II?KyCT}ARcCPcALWAMGWO{Ai@uCy@c@KSKKQCS@e@Ni@NSNILARDfChAz@XN?DENa@ReFFcCDuBDIHGHIPDRRPn@Rb@l@p@^n@^lAJd@HbADXNb@`@n@NZFX@@"
         },
         "summary" : "Furtherwick Rd and B1014",
         "warnings" : [],
         "waypoint_order" : []
      }
   ],
   "status" : "OK"
}
