{
   "routes" : [
      {
         "bounds" : {
            "northeast" : {
               "lat" : 51.521199,
               "lng" : 0.6007077
            },
            "southwest" : {
               "lat" : 51.5124347,
               "lng" : 0.5974035
            }
         },
         "copyrights" : "Map data ©2015 Google",
         "legs" : [
            {
               "distance" : {
                  "text" : "1.2 km",
                  "value" : 1233
               },
               "duration" : {
                  "text" : "3 mins",
                  "value" : 183
               },
               "end_address" : "4 Eastern Esplanade, Canvey Island, Essex SS8 7DN, UK",
               "end_location" : {
                  "lat" : 51.5125841,
                  "lng" : 0.5974035
               },
               "start_address" : "13 May Avenue, Canvey Island, Essex SS8 7EE, UK",
               "start_location" : {
                  "lat" : 51.521199,
                  "lng" : 0.5993064
               },
               "steps" : [
                  {
                     "distance" : {
                        "text" : "0.2 km",
                        "value" : 190
                     },
                     "duration" : {
                        "text" : "1 min",
                        "value" : 16
                     },
                     "end_location" : {
                        "lat" : 51.5196226,
                        "lng" : 0.6003583
                     },
                     "html_instructions" : "Head \u003cb\u003esoutheast\u003c/b\u003e on \u003cb\u003eMay Ave\u003c/b\u003e toward \u003cb\u003eNightingale Rd\u003c/b\u003e",
                     "polyline" : {
                        "points" : "ovmyHu`tB~BwAnAu@f@[d@YDADCPG"
                     },
                     "start_location" : {
                        "lat" : 51.521199,
                        "lng" : 0.5993064
                     },
                     "travel_mode" : "DRIVING"
                  },
                  {
                     "distance" : {
                        "text" : "36 m",
                        "value" : 36
                     },
                     "duration" : {
                        "text" : "1 min",
                        "value" : 15
                     },
                     "end_location" : {
                        "lat" : 51.5196212,
                        "lng" : 0.5998403
                     },
                     "html_instructions" : "Turn \u003cb\u003eright\u003c/b\u003e onto \u003cb\u003eHilbery Rd\u003c/b\u003e",
                     "maneuver" : "turn-right",
                     "polyline" : {
                        "points" : "slmyHggtB?fB"
                     },
                     "start_location" : {
                        "lat" : 51.5196226,
                        "lng" : 0.6003583
                     },
                     "travel_mode" : "DRIVING"
                  },
                  {
                     "distance" : {
                        "text" : "0.8 km",
                        "value" : 782
                     },
                     "duration" : {
                        "text" : "2 mins",
                        "value" : 94
                     },
                     "end_location" : {
                        "lat" : 51.5126593,
                        "lng" : 0.6005303
                     },
                     "html_instructions" : "Take the 1st \u003cb\u003eleft\u003c/b\u003e onto \u003cb\u003eMay Ave\u003c/b\u003e",
                     "polyline" : {
                        "points" : "slmyH_dtBvAFlCC|BCRGfBe@ZKNEpAe@j@Up@WTKTGLCFAZ?dHRhBBP?v@@|AF\\@"
                     },
                     "start_location" : {
                        "lat" : 51.5196212,
                        "lng" : 0.5998403
                     },
                     "travel_mode" : "DRIVING"
                  },
                  {
                     "distance" : {
                        "text" : "0.2 km",
                        "value" : 225
                     },
                     "duration" : {
                        "text" : "1 min",
                        "value" : 58
                     },
                     "end_location" : {
                        "lat" : 51.5125841,
                        "lng" : 0.5974035
                     },
                     "html_instructions" : "Turn \u003cb\u003eright\u003c/b\u003e onto \u003cb\u003eEastern Esplanade\u003c/b\u003e\u003cdiv style=\"font-size:0.9em\"\u003eDestination will be on the right\u003c/div\u003e",
                     "maneuver" : "turn-right",
                     "polyline" : {
                        "points" : "calyHihtBThCNzADn@@`@?ZCVAFCNGVELI`@CJAJAL?L?L?L@LDf@B^"
                     },
                     "start_location" : {
                        "lat" : 51.5126593,
                        "lng" : 0.6005303
                     },
                     "travel_mode" : "DRIVING"
                  }
               ],
               "via_waypoint" : []
            }
         ],
         "overview_polyline" : {
            "points" : "ovmyHu`tB|GcEJEPG?fBvAFlCC|BCRGbCq@`Bk@hCaATE`IRzBBtCH\\@ThCTjC@|@E^[vAGr@FpAB^"
         },
         "summary" : "May Ave",
         "warnings" : [],
         "waypoint_order" : []
      }
   ],
   "status" : "OK"
}
